"id","sessionId","role","content","contentType","timestamp"
d9aa97eb-6fd8-41b0-9f41-9f256b437a5c,"5865e085-096b-4e5e-96e9-18eddc88faa6",USER,你好，我今年40岁，有20年的保安工作经验，本科毕业,TEXT,2026-07-14 09:27:52.270 +0800
c23da80e-3c0e-475c-b391-b327d05d5284,"5865e085-096b-4e5e-96e9-18eddc88faa6",ASSISTANT,请具体说说你的本科专业是什么？,TEXT,2026-07-14 09:27:52.370 +0800
f75cf778-7d25-4f38-aa28-bd50cdaeacfa,"5865e085-096b-4e5e-96e9-18eddc88faa6",USER,保安专业,TEXT,2026-07-14 09:27:52.470 +0800
"6ba4c7f9-79cc-4d19-b7a5-a1c65bccd7c1","5865e085-096b-4e5e-96e9-18eddc88faa6",USER,在监控室查看监控,TEXT,2026-07-14 09:28:24.456 +0800
f58a7a35-bddc-419a-9eb6-b9077376729c,"5865e085-096b-4e5e-96e9-18eddc88faa6",USER,复责,TEXT,2026-07-14 09:28:24.556 +0800
ad7d8668-7fe1-4e95-9a67-087552c34b9d,"5865e085-096b-4e5e-96e9-18eddc88faa6",ASSISTANT,下一题：你上一份工作主要负责什么内容？,TEXT,2026-07-14 09:28:44.647 +0800
"6a2ac161-828e-4891-9490-cd594bfb7944","5865e085-096b-4e5e-96e9-18eddc88faa6",USER,。停车场重要公共场所的监控,TEXT,2026-07-14 09:28:44.747 +0800
"890e4a82-da93-46ec-a154-37aab713cb9e","5865e085-096b-4e5e-96e9-18eddc88faa6",ASSISTANT,监控停车场时，主要看哪些具体内容？,TEXT,2026-07-14 09:28:44.847 +0800
"9d1a8706-eb29-4a8e-b1e2-63ded1e9c035","5865e085-096b-4e5e-96e9-18eddc88faa6",USER,，吃喝玩乐,TEXT,2026-07-14 09:28:44.947 +0800
"5f469b84-8779-4bb7-98af-ddec21a1b1ea","5865e085-096b-4e5e-96e9-18eddc88faa6",USER,他 看下有,TEXT,2026-07-14 09:28:45.047 +0800
ba3d25e8-4806-4a88-9f28-d289f32a821a,"5865e085-096b-4e5e-96e9-18eddc88faa6",ASSISTANT,下一题：上一份工作是在哪家公司？地点在哪？,TEXT,2026-07-14 09:29:07.487 +0800
"3f02a3bb-6d8d-41d4-974b-dacfed1b89f8","5865e085-096b-4e5e-96e9-18eddc88faa6",USER,，看下有冇，有人倒车咯，睇下啲车停的好不好咯,TEXT,2026-07-14 09:29:07.587 +0800
"9de01db3-5635-44c3-a67f-2987b550df86","5865e085-096b-4e5e-96e9-18eddc88faa6",USER,佛山南海桂城街道嘅，广东金富科技股份有限公司,TEXT,2026-07-14 09:29:07.687 +0800
"1bb97095-50ac-45cc-b05b-eb5496f42c63","5865e085-096b-4e5e-96e9-18eddc88faa6",USER,他就有,TEXT,2026-07-14 09:29:07.787 +0800
"598d2b33-e481-4feb-9eba-5701dd142fd6","5865e085-096b-4e5e-96e9-18eddc88faa6",ASSISTANT,接着来：在保安岗位连续做了多久？,TEXT,2026-07-14 09:29:37.275 +0800
"6edb671a-e224-46c1-bd32-c5f8749a1f8f","5865e085-096b-4e5e-96e9-18eddc88faa6",USER,做咗20年,TEXT,2026-07-14 09:29:37.375 +0800
"93b20375-613e-4259-9ea8-5993750838fa","5865e085-096b-4e5e-96e9-18eddc88faa6",ASSISTANT,"20年係连续定断断续续？",TEXT,2026-07-14 09:29:37.475 +0800
"6af6ae29-a432-4066-988b-1a3592c3aa6d","5865e085-096b-4e5e-96e9-18eddc88faa6",USER,二十年系连续嘅,TEXT,2026-07-14 09:29:37.575 +0800
"878d8c99-db69-483c-879c-16f7e0a0cb3c","5865e085-096b-4e5e-96e9-18eddc88faa6",ASSISTANT,下一题：你平时和同事沟通用什么语言？,TEXT,2026-07-14 09:30:20.257 +0800
"372cb833-db6e-4ff3-aee1-0efe06adfbb8","5865e085-096b-4e5e-96e9-18eddc88faa6",USER,用普通话同粤语呢个50 50,TEXT,2026-07-14 09:30:20.357 +0800
"8c710346-ddfc-49f2-84d9-d3ff354a3d59","5865e085-096b-4e5e-96e9-18eddc88faa6",ASSISTANT,具体什么场景用粤语多？,TEXT,2026-07-14 09:30:20.457 +0800
b6850e45-26b8-4cfb-992f-904b84e6594c,"5865e085-096b-4e5e-96e9-18eddc88faa6",USER,唔系分场景嘅系，面对人嘅，人哋讲乜嘢我就讲乜嘢咯,TEXT,2026-07-14 09:30:20.557 +0800
"799e9f63-c1a4-443b-8f43-f0ed32682089","5865e085-096b-4e5e-96e9-18eddc88faa6",ASSISTANT,那继续：工作中遇到过什么突发事件？,TEXT,2026-07-14 09:30:52.941 +0800
"1d76148f-9ec8-4ebf-a605-1b6b6c1cf983","5865e085-096b-4e5e-96e9-18eddc88faa6",USER,电动车着火,TEXT,2026-07-14 09:30:53.041 +0800
"53eddd55-8b2b-4e55-b8c6-adb10a61ae61","5865e085-096b-4e5e-96e9-18eddc88faa6",ASSISTANT,具体是怎么发生的？,TEXT,2026-07-14 09:30:53.141 +0800
"83602be8-be04-48a9-85d8-d2204b8d7ac7","5865e085-096b-4e5e-96e9-18eddc88faa6",USER,电动车，还太阳底下自然着火,TEXT,2026-07-14 09:30:53.241 +0800
a8386bec-fb29-484c-83cd-9110d7f055f3,"5865e085-096b-4e5e-96e9-18eddc88faa6",ASSISTANT,我们继续：为什么想来香港做保安？,TEXT,2026-07-14 09:31:25.344 +0800
b7e850e7-8b31-4bbd-b16f-6ef8dd9f14e7,"5865e085-096b-4e5e-96e9-18eddc88faa6",USER,因为工资高，没其他原因了,TEXT,2026-07-14 09:31:25.444 +0800
"08fd8c52-410a-4880-b556-32a30d7e936a","5865e085-096b-4e5e-96e9-18eddc88faa6",ASSISTANT,除了工资高，还有别的原因吗？,TEXT,2026-07-14 09:31:25.544 +0800
"4ed04f99-3f88-43a4-b59f-aba3c8a276cf","5865e085-096b-4e5e-96e9-18eddc88faa6",USER,我都话没别的原因了，下一个问题,TEXT,2026-07-14 09:31:25.644 +0800
"603bdd32-7cbf-49c3-a2f1-308c8842dd03","5865e085-096b-4e5e-96e9-18eddc88faa6",ASSISTANT,继续：除了工资，还有什么吸引你来香港？,TEXT,2026-07-14 09:31:44.424 +0800
fbb1a416-f29f-4dec-8fb2-920186e99ff6,"5865e085-096b-4e5e-96e9-18eddc88faa6",USER,都话除咗、工资、冇其他吸引咯。下一个问题,TEXT,2026-07-14 09:31:44.524 +0800
e71ba8ae-16b9-4744-b037-1f466c0af8a6,"5865e085-096b-4e5e-96e9-18eddc88faa6",USER,结咗有一个小朋友,TEXT,2026-07-14 09:32:10.552 +0800
f6d7e2c6-8c07-4508-bd5a-9eba9db91ea2,"5865e085-096b-4e5e-96e9-18eddc88faa6",ASSISTANT,小朋友几岁？,TEXT,2026-07-14 09:32:10.652 +0800
"53a1e011-c66f-4d44-9e55-89bb3023521b","5865e085-096b-4e5e-96e9-18eddc88faa6",USER,"5岁",TEXT,2026-07-14 09:32:10.752 +0800
"3fcb2460-ebfe-4a3a-aa9d-396b95ee261a","5865e085-096b-4e5e-96e9-18eddc88faa6",USER,说的,TEXT,2026-07-14 09:32:10.852 +0800
"3170345e-0ce4-4db3-a35a-4844f7ad650f","5865e085-096b-4e5e-96e9-18eddc88faa6",ASSISTANT,下一题：家里小孩谁在照顾？,TEXT,2026-07-14 09:32:40.716 +0800
d05d5fe8-60c3-4026-8316-7f54720ba783,"5865e085-096b-4e5e-96e9-18eddc88faa6",USER,老婆,TEXT,2026-07-14 09:32:40.816 +0800
f999a36a-9bbf-4d5a-b37b-42fb1233bead,"5865e085-096b-4e5e-96e9-18eddc88faa6",ASSISTANT,好的，所有问题都已经问完了。你还有什么想补充的吗？,TEXT,2026-07-14 09:32:40.916 +0800
"0d39e430-10c2-4aa6-ba17-913e79ec351f","5865e085-096b-4e5e-96e9-18eddc88faa6",USER,这个这个,TEXT,2026-07-14 09:32:41.016 +0800
d2408819-77c4-4e58-ac81-fc5f5f125b6c,"5865e085-096b-4e5e-96e9-18eddc88faa6",ASSISTANT,好的，非常感谢你今天的参与，祝你一切顺利，再见！,TEXT,2026-07-14 09:32:41.116 +0800
